Yaşınız,Ana diliniz Türkçe mi?,Varsa Türkçe dışında bildiğiniz diller ve bu dillerde seviyeniz,Dilbilim veya Türk Dili ve Edebiyatı alanında eğitim aldınız mı ya da şu anda bu alanlardan birinde eğitim görüyor musunuz?,yeşamat,şidakat,deşasat,yeşakat,deşarat,yeşasat,şidamat,teşaat,yeşarat,deşahat,şidasat,teşarat,deşakat,şidaat,teşakat,deşamat,teşahat,şidarat,yeşaat,teşamat,yeşahat,teşasat,deşaat,şidahat
24,Evet,İngilizce - C1,Hayır,yeşamatlar,şidakatler,deşasatlar,yeşakatler,deşaratlar,yeşasatlar,şidamatlar,teşaatler,yeşaratler,deşahatlar,şidasatlar,teşaratlar,deşakatler,şidaatler,teşakatler,deşamatlar,teşahatler,şidaratlar,yeşaatler,teşamatlar,yeşahatlar,teşasatlar,deşaatler,şidahatler
25,Evet,İngilizce C1,Hayır,yeşamatlar,şidakatler,deşasatlar,yeşakatlar,deşaratlar,yeşasatler,şidamatler,teşaatlar,yeşaratlar,deşahatlar,şidasatler,teşaratler,deşakatler,şidaatlar,teşakatlar,deşamatlar,teşahatler,şidaratler,yeşaatler,teşamatlar,yeşahatlar,teşasatlar,deşaatler,şidahatlar
25,Evet,"İngilizce C1, Almanca A2",Hayır,yeşamatlar,şidakatler,deşasatlar,yeşakatler,deşaratlar,yeşasatlar,şidamatlar,teşaatler,yeşaratlar,deşahatlar,şidasatlar,teşaratlar,deşakatler,şidaatlar,teşakatlar,deşamatlar,teşahatlar,şidaratlar,yeşaatlar,teşamatlar,yeşahatlar,teşasatlar,deşaatler,şidahatlar
24,Evet,İngilizce b2,Hayır,yeşamatlar,şidakatlar,deşasatlar,yeşakatler,deşaratlar,yeşasatlar,şidamatlar,teşaatler,yeşaratlar,deşahatlar,şidasatlar,teşaratlar,deşakatlar,şidaatlar,teşakatlar,deşamatlar,teşahatlar,şidaratlar,yeşaatler,teşamatlar,yeşahatlar,teşasatlar,deşaatlar,şidahatlar
27,Evet,"EN C2, DE B2",Evet,yeşamatlar,şidakatler,deşasatlar,yeşakatler,deşaratler,yeşasatlar,şidamatlar,teşaatlar,yeşaratlar,deşahatler,şidasatlar,teşaratlar,deşakatler,şidaatler,teşakatler,deşamatlar,teşahatler,şidaratlar,yeşaatler,teşamatlar,yeşahatler,teşasatlar,deşaatler,şidahatlar
25,Evet,İngilizce ve Japonca ileri seviye,Hayır,yeşamatlar,şidakatler,deşasatlar,yeşakatler,deşaratlar,yeşasatler,şidamatlar,teşaatlar,yeşaratlar,deşahatlar,şidasatlar,teşaratlar,deşakatler,şidaatlar,teşakatlar,deşamatlar,teşahatlar,şidaratlar,yeşaatler,teşamatlar,yeşahatlar,teşasatlar,deşaatlar,şidahatler
22,Evet,"İngilizce (C1), İspanyolca (A2), Rusça (A1) ",Evet,yeşamatlar,şidakatlar,deşasatlar,yeşakatlar,deşaratlar,yeşasatlar,şidamatlar,teşaatlar,yeşaratler,deşahatler,şidasatlar,teşaratlar,deşakatlar,şidaatlar,teşakatler,deşamatlar,teşahatlar,şidaratlar,yeşaatler,teşamatlar,yeşahatlar,teşasatlar,deşaatlar,şidahatlar
20,Evet,İngilizce(c) ,Evet,yeşamatlar,şidakatler,deşasatlar,yeşakatlar,deşaratlar,yeşasatlar,şidamatlar,teşaatler,yeşaratlar,deşahatlar,şidasatlar,teşaratlar,deşakatler,şidaatlar,teşakatler,deşamatlar,teşahatlar,şidaratlar,yeşaatler,teşamatlar,yeşahatler,teşasatlar,deşaatlar,şidahatlar
19,Evet,ingilizce - c1,Hayır,yeşamatlar,şidakatler,deşasatlar,yeşakatler,deşaratlar,yeşasatler,şidamatlar,teşaatler,yeşaratlar,deşahatlar,şidasatlar,teşaratlar,deşakatler,şidaatler,teşakatler,deşamatlar,teşahatlar,şidaratlar,yeşaatler,teşamatler,yeşahatlar,teşasatlar,deşaatler,şidahatler
18,Evet,İngilizce - B2,Evet,yeşamatlar,şidakatlar,deşasatlar,yeşakatlar,deşaratlar,yeşasatlar,şidamatlar,teşaatlar,yeşaratlar,deşahatlar,şidasatlar,teşaratlar,deşakatlar,şidaatlar,teşakatlar,deşamatlar,teşahatlar,şidaratlar,yeşaatlar,teşamatlar,yeşahatlar,teşasatlar,deşaatlar,şidahatlar
20,Evet,,Hayır,yeşamatlar,şidakatler,deşasatlar,yeşakatler,deşaratlar,yeşasatlar,şidamatlar,teşaatler,yeşaratlar,deşahatlar,şidasatlar,teşaratlar,deşakatler,şidaatlar,teşakatler,deşamatlar,teşahatlar,şidaratlar,yeşaatler,teşamatlar,yeşahatler,teşasatlar,deşaatlar,şidahatlar
24,Evet,ingilizce-c1 fransızca-b2,Hayır,yeşamatlar,şidakatlar,deşasatlar,yeşakatlar,deşaratlar,yeşasatlar,şidamatlar,teşaatler,yeşaratlar,deşahatler,şidasatler,teşaratlar,deşakatler,şidaatler,teşakatlar,deşamatlar,teşahatler,şidaratlar,yeşaatler,teşamatlar,yeşahatler,teşasatlar,deşaatler,şidahatlar
19,Evet,"İngilizce c1
Çince a2",Hayır,yeşamatlar,şidakatler,deşasatler,yeşakatlar,deşaratlar,yeşasatlar,şidamatlar,teşaatler,yeşaratler,deşahatler,şidasatlar,teşaratlar,deşakatler,şidaatler,teşakatlar,deşamatlar,teşahatlar,şidaratlar,yeşaatler,teşamatlar,yeşahatlar,teşasatlar,deşaatler,şidahatlar
18,Evet,"İngilizce B2
Korece A1",Hayır,yeşamatlar,şidakatler,deşasatlar,yeşakatler,deşaratlar,yeşasatlar,şidamatlar,teşaatler,yeşaratlar,deşahatler,şidasatlar,teşaratler,deşakatler,şidaatler,teşakatlar,deşamatler,teşahatler,şidaratler,yeşaatler,teşamatlar,yeşahatler,teşasatlar,deşaatler,şidahatlar
41,Evet,"İngilizce, İspanyolca, Arapça ",Hayır,yeşamatlar,şidakatlar,deşasatlar,yeşakatlar,deşaratlar,yeşasatlar,şidamatlar,teşaatlar,yeşaratlar,deşahatlar,şidasatlar,teşaratlar,deşakatlar,şidaatlar,teşakatlar,deşamatlar,teşahatlar,şidaratlar,yeşaatlar,teşamatlar,yeşahatlar,teşasatlar,deşaatlar,şidahatlar
22,Evet,"İngilizce C1
Fransızca B2",Evet,yeşamatlar,şidakatlar,deşasatlar,yeşakatlar,deşaratlar,yeşasatlar,şidamatlar,teşaatler,yeşaratlar,deşahatlar,şidasatlar,teşaratlar,deşakatler,şidaatlar,teşakatler,deşamatlar,teşahatler,şidaratlar,yeşaatler,teşamatlar,yeşahatlar,teşasatler,deşaatlar,şidahatlar
27,Evet,"Bulgarca (ana dil), İngilizce (C1), Rusça (B1)",Hayır,yeşamatler,şidakatler,deşasatlar,yeşakatler,deşaratlar,yeşasatlar,şidamatlar,teşaatler,yeşaratlar,deşahatlar,şidasatlar,teşaratlar,deşakatler,şidaatler,teşakatler,deşamatlar,teşahatler,şidaratlar,yeşaatler,teşamatler,yeşahatlar,teşasatlar,deşaatler,şidahatlar
22,Evet,İngilizce C2 - Almanca B1 - Rusça A1,Evet,yeşamatler,şidakatlar,deşasatlar,yeşakatlar,deşaratlar,yeşasatlar,şidamatlar,teşaatler,yeşaratlar,deşahatler,şidasatlar,teşaratlar,deşakatler,şidaatler,teşakatler,deşamatlar,teşahatler,şidaratlar,yeşaatler,teşamatlar,yeşahatler,teşasatlar,deşaatler,şidahatlar
20,Evet,"İngilizce C1+ , İspanyolca Beginner-A1",Hayır,yeşamatlar,şidakatlar,deşasatlar,yeşakatlar,deşaratlar,yeşasatlar,şidamatlar,teşaatlar,yeşaratlar,deşahatlar,şidasatlar,teşaratlar,deşakatler,şidaatler,teşakatler,deşamatlar,teşahatlar,şidaratlar,yeşaatler,teşamatlar,yeşahatler,teşasatlar,deşaatlar,şidahatlar
18,Evet,"İngilizce C1
Almanca A1-A2
Flemenkçe A1",Hayır,yeşamatlar,şidakatlar,deşasatlar,yeşakatlar,deşaratlar,yeşasatlar,şidamatlar,teşaatlar,yeşaratlar,deşahatlar,şidasatlar,teşaratlar,deşakatlar,şidaatlar,teşakatlar,deşamatlar,teşahatlar,şidaratlar,yeşaatlar,teşamatlar,yeşahatlar,teşasatlar,deşaatlar,şidahatlar
24,Evet,"İngilizce, ileri düzey",Hayır,yeşamatlar,şidakatlar,deşasatlar,yeşakatlar,deşaratlar,yeşasatlar,şidamatlar,teşaatlar,yeşaratlar,deşahatlar,şidasatlar,teşaratlar,deşakatlar,şidaatlar,teşakatler,deşamatlar,teşahatler,şidaratler,yeşaatlar,teşamatlar,yeşahatler,teşasatlar,deşaatlar,şidahatler
25,Evet,"ingilizce c1, japonca n2",Hayır,yeşamatlar,şidakatlar,deşasatlar,yeşakatlar,deşaratlar,yeşasatlar,şidamatlar,teşaatler,yeşaratlar,deşahatlar,şidasatlar,teşaratlar,deşakatler,şidaatler,teşakatler,deşamatlar,teşahatlar,şidaratlar,yeşaatler,teşamatlar,yeşahatlar,teşasatlar,deşaatler,şidahatler
22,Evet,"İngilizce Native 
Japonca N3
",Evet,yeşamatlar,şidakatlar,deşasatlar,yeşakatlar,deşaratlar,yeşasatlar,şidamatlar,teşaatler,yeşaratlar,deşahatlar,şidasatlar,teşaratlar,deşakatlar,şidaatlar,teşakatlar,deşamatlar,teşahatlar,şidaratlar,yeşaatler,teşamatlar,yeşahatler,teşasatlar,deşaatler,şidahatlar
26,Evet,"İngilizce C1
İspanyolca B2
Fransızca A2",Hayır,yeşamatlar,şidakatler,deşasatlar,yeşakatler,deşaratler,yeşasatlar,şidamatlar,teşaatlar,yeşaratler,deşahatlar,şidasatler,teşaratler,deşakatler,şidaatlar,teşakatler,deşamatlar,teşahatler,şidaratlar,yeşaatler,teşamatlar,yeşahatlar,teşasatlar,deşaatler,şidahatlar
40,Evet,"ingilizce (lower advanced), ispanyolca (b1)",Hayır,yeşamatlar,şidakatlar,deşasatlar,yeşakatlar,deşaratlar,yeşasatlar,şidamatlar,teşaatler,yeşaratlar,deşahatlar,şidasatlar,teşaratlar,deşakatlar,şidaatler,teşakatlar,deşamatlar,teşahatlar,şidaratlar,yeşaatler,teşamatlar,yeşahatlar,teşasatlar,deşaatler,şidahatlar
24,Evet,İngilizce c2 İspanyolca b1,Hayır,yeşamatlar,şidakatler,deşasatlar,yeşakatler,deşaratlar,yeşasatler,şidamatlar,teşaatlar,yeşaratlar,deşahatlar,şidasatlar,teşaratlar,deşakatlar,şidaatlar,teşakatler,deşamatlar,teşahatlar,şidaratlar,yeşaatler,teşamatlar,yeşahatlar,teşasatler,deşaatlar,şidahatlar
20,Evet,"ingilizce c2
japonca n5",Hayır,yeşamatlar,şidakatler,deşasatlar,yeşakatler,deşaratlar,yeşasatlar,şidamatlar,teşaatler,yeşaratlar,deşahatlar,şidasatlar,teşaratlar,deşakatler,şidaatler,teşakatler,deşamatlar,teşahatler,şidaratlar,yeşaatler,teşamatlar,yeşahatler,teşasatlar,deşaatler,şidahatler
24,Evet,İngilizce C2 Almanca B1,Evet,yeşamatlar,şidakatler,deşasatlar,yeşakatlar,deşaratlar,yeşasatlar,şidamatlar,teşaatlar,yeşaratlar,deşahatlar,şidasatler,teşaratlar,deşakatlar,şidaatler,teşakatlar,deşamatlar,teşahatlar,şidaratlar,yeşaatler,teşamatlar,yeşahatlar,teşasatlar,deşaatlar,şidahatlar
23,Evet,"İngilizce C1
Almanca B1
İspanyolca A2",Hayır,yeşamatlar,şidakatler,deşasatlar,yeşakatler,deşaratlar,yeşasatlar,şidamatlar,teşaatler,yeşaratlar,deşahatler,şidasatlar,teşaratlar,deşakatler,şidaatler,teşakatler,deşamatlar,teşahatler,şidaratlar,yeşaatler,teşamatler,yeşahatlar,teşasatlar,deşaatler,şidahatlar
22,Evet,"İngilizce B2, Fransızca A2",Evet,yeşamatlar,şidakatlar,deşasatlar,yeşakatlar,deşaratlar,yeşasatlar,şidamatlar,teşaatler,yeşaratlar,deşahatlar,şidasatlar,teşaratlar,deşakatlar,şidaatler,teşakatlar,deşamatlar,teşahatlar,şidaratlar,yeşaatler,teşamatlar,yeşahatlar,teşasatlar,deşaatler,şidahatlar
23,Evet,"İngilizce (C1), İspanyolca (B1), Korece (B1)",Hayır,yeşamatlar,şidakatlar,deşasatlar,yeşakatler,deşaratlar,yeşasatlar,şidamatlar,teşaatler,yeşaratlar,deşahatlar,şidasatlar,teşaratlar,deşakatlar,şidaatler,teşakatlar,deşamatlar,teşahatlar,şidaratlar,yeşaatlar,teşamatlar,yeşahatlar,teşasatlar,deşaatler,şidahatlar
23,Evet,İngilizce/ Advanced ,Evet,yeşamatlar,şidakatlar,deşasatlar,yeşakatlar,deşaratlar,yeşasatlar,şidamatlar,teşaatler,yeşaratlar,deşahatlar,şidasatlar,teşaratlar,deşakatler,şidaatler,teşakatler,deşamatlar,teşahatler,şidaratlar,yeşaatlar,teşamatlar,yeşahatler,teşasatlar,deşaatler,şidahatlar
25,Evet,"İngilizce (C2), İspanyolca (B1), Fransızca (A1), Arapça (A1)",Evet,yeşamatlar,şidakatler,deşasatlar,yeşakatler,deşaratlar,yeşasatlar,şidamatlar,teşaatler,yeşaratlar,deşahatler,şidasatlar,teşaratlar,deşakatler,şidaatler,teşakatler,deşamatlar,teşahatler,şidaratlar,yeşaatler,teşamatlar,yeşahatler,teşasatlar,deşaatler,şidahatler
19,Evet,"Ingilizce-c1
Ispsnyolca ve Çince- başlangıç",Hayır,yeşamatlar,şidakatler,deşasatlar,yeşakatlar,deşaratlar,yeşasatlar,şidamatlar,teşaatler,yeşaratlar,deşahatlar,şidasatlar,teşaratlar,deşakatler,şidaatlar,teşakatler,deşamatlar,teşahatler,şidaratlar,yeşaatlar,teşamatlar,yeşahatlar,teşasatlar,deşaatlar,şidahatlar
19,Evet,B2 İngilizce ve başlangıç düzeyi Japonca,Hayır,yeşamatlar,şidakatlar,deşasatlar,yeşakatlar,deşaratlar,yeşasatlar,şidamatlar,teşaatler,yeşaratlar,deşahatlar,şidasatlar,teşaratlar,deşakatlar,şidaatlar,teşakatlar,deşamatlar,teşahatlar,şidaratlar,yeşaatlar,teşamatlar,yeşahatlar,teşasatlar,deşaatlar,şidahatlar
18,Evet,ingilizce c1-c2,Hayır,yeşamatlar,şidakatlar,deşasatlar,yeşakatlar,deşaratlar,yeşasatlar,şidamatlar,teşaatlar,yeşaratlar,deşahatlar,şidasatlar,teşaratlar,deşakatlar,şidaatlar,teşakatlar,deşamatlar,teşahatlar,şidaratlar,yeşaatler,teşamatlar,yeşahatlar,teşasatlar,deşaatler,şidahatlar
25,Evet,"İngilizce c2
Fransızca b2
Çince a1",Evet,yeşamatlar,şidakatler,deşasatlar,yeşakatlar,deşaratlar,yeşasatlar,şidamatlar,teşaatler,yeşaratlar,deşahatler,şidasatlar,teşaratlar,deşakatler,şidaatler,teşakatlar,deşamatlar,teşahatler,şidaratlar,yeşaatler,teşamatlar,yeşahatlar,teşasatler,deşaatler,şidahatlar
21,Evet,"İngilizce C2
Japonca B1",Evet,yeşamatlar,şidakatler,deşasatlar,yeşakatler,deşaratlar,yeşasatlar,şidamatler,teşaatlar,yeşaratlar,deşahatlar,şidasatlar,teşaratlar,deşakatler,şidaatler,teşakatlar,deşamatlar,teşahatlar,şidaratlar,yeşaatlar,teşamatlar,yeşahatlar,teşasatler,deşaatler,şidahatler
24,Evet,Arapca A2,Hayır,yeşamatlar,şidakatlar,deşasatlar,yeşakatlar,deşaratlar,yeşasatlar,şidamatlar,teşaatlar,yeşaratlar,deşahatler,şidasatler,teşaratlar,deşakatlar,şidaatlar,teşakatlar,deşamatlar,teşahatlar,şidaratlar,yeşaatlar,teşamatlar,yeşahatlar,teşasatlar,deşaatlar,şidahatlar
21,Evet,İngilizce C1,Evet,yeşamatlar,şidakatlar,deşasatlar,yeşakatler,deşaratlar,yeşasatlar,şidamatlar,teşaatler,yeşaratlar,deşahatler,şidasatlar,teşaratlar,deşakatler,şidaatlar,teşakatler,deşamatlar,teşahatlar,şidaratlar,yeşaatler,teşamatlar,yeşahatler,teşasatlar,deşaatlar,şidahatler
22,Evet,İngilizce C1 Almanca A1 Çince B1,Evet,yeşamatlar,şidakatler,deşasatlar,yeşakatler,deşaratlar,yeşasatlar,şidamatlar,teşaatler,yeşaratlar,deşahatlar,şidasatlar,teşaratlar,deşakatler,şidaatler,teşakatler,deşamatlar,teşahatler,şidaratlar,yeşaatler,teşamatlar,yeşahatler,teşasatlar,deşaatlar,şidahatlar
24,Evet,"İngilizce - C2
İspanyolca - B1",Hayır,yeşamatlar,şidakatler,deşasatlar,yeşakatler,deşaratlar,yeşasatlar,şidamatlar,teşaatler,yeşaratlar,deşahatler,şidasatlar,teşaratlar,deşakatler,şidaatler,teşakatler,deşamatlar,teşahatlar,şidaratlar,yeşaatler,teşamatlar,yeşahatler,teşasatlar,deşaatler,şidahatlar
23,Evet,"Ingilizce C2, Fransizca B1",Hayır,yeşamatlar,şidakatlar,deşasatlar,yeşakatler,deşaratlar,yeşasatlar,şidamatlar,teşaatler,yeşaratlar,deşahatlar,şidasatlar,teşaratlar,deşakatler,şidaatler,teşakatler,deşamatlar,teşahatlar,şidaratlar,yeşaatler,teşamatlar,yeşahatler,teşasatlar,deşaatlar,şidahatlar
26,Evet,"İngilizce C1, Japonca B1",Evet,yeşamatlar,şidakatler,deşasatlar,yeşakatler,deşaratlar,yeşasatlar,şidamatlar,teşaatlar,yeşaratlar,deşahatlar,şidasatler,teşaratlar,deşakatler,şidaatler,teşakatlar,deşamatlar,teşahatlar,şidaratlar,yeşaatlar,teşamatlar,yeşahatler,teşasatlar,deşaatlar,şidahatler
20,Evet,İngilizce C1,Hayır,yeşamatlar,şidakatlar,deşasatlar,yeşakatlar,deşaratlar,yeşasatlar,şidamatlar,teşaatler,yeşaratler,deşahatlar,şidasatler,teşaratler,deşakatlar,şidaatler,teşakatlar,deşamatlar,teşahatlar,şidaratlar,yeşaatler,teşamatlar,yeşahatler,teşasatler,deşaatler,şidahatler
19,Evet,İngilizce B2-C1,Evet,yeşamatlar,şidakatler,deşasatlar,yeşakatler,deşaratler,yeşasatler,şidamatlar,teşaatler,yeşaratler,deşahatlar,şidasatlar,teşaratlar,deşakatler,şidaatler,teşakatlar,deşamatlar,teşahatlar,şidaratlar,yeşaatler,teşamatlar,yeşahatler,teşasatlar,deşaatler,şidahatlar
22,Evet,"İngilizce (C1), Fransızca (B2)",Hayır,yeşamatlar,şidakatler,deşasatlar,yeşakatlar,deşaratlar,yeşasatlar,şidamatlar,teşaatler,yeşaratlar,deşahatlar,şidasatlar,teşaratlar,deşakatler,şidaatlar,teşakatler,deşamatlar,teşahatler,şidaratlar,yeşaatlar,teşamatlar,yeşahatler,teşasatlar,deşaatler,şidahatlar
22,Evet,,Evet,yeşamatlar,şidakatlar,deşasatlar,yeşakatlar,deşaratlar,yeşasatlar,şidamatlar,teşaatler,yeşaratlar,deşahatlar,şidasatlar,teşaratlar,deşakatler,şidaatler,teşakatlar,deşamatlar,teşahatlar,şidaratlar,yeşaatler,teşamatlar,yeşahatler,teşasatlar,deşaatler,şidahatler
29,Evet,"İngilizce C2, Almanca B2, Farsça B1",Evet,yeşamatlar,şidakatler,deşasatlar,yeşakatlar,deşaratlar,yeşasatlar,şidamatlar,teşaatlar,yeşaratlar,deşahatlar,şidasatler,teşaratlar,deşakatlar,şidaatler,teşakatlar,deşamatlar,teşahatlar,şidaratler,yeşaatler,teşamatlar,yeşahatler,teşasatlar,deşaatler,şidahatler
22,Evet,"İngilizce C1
İspanyolca B1",Evet,yeşamatlar,şidakatlar,deşasatlar,yeşakatlar,deşaratlar,yeşasatlar,şidamatlar,teşaatlar,yeşaratlar,deşahatlar,şidasatlar,teşaratlar,deşakatlar,şidaatlar,teşakatlar,deşamatlar,teşahatlar,şidaratlar,yeşaatlar,teşamatlar,yeşahatlar,teşasatlar,deşaatlar,şidahatlar
24,Evet,"İngilizce ileri seviye
almanca başlangıç seviye",Hayır,yeşamatlar,şidakatler,deşasatlar,yeşakatlar,deşaratlar,yeşasatlar,şidamatlar,teşaatler,yeşaratlar,deşahatlar,şidasatlar,teşaratlar,deşakatler,şidaatler,teşakatler,deşamatlar,teşahatlar,şidaratlar,yeşaatler,teşamatlar,yeşahatler,teşasatlar,deşaatler,şidahatlar
19,Evet,"ingilizce c1
ispanyolca b1",Hayır,yeşamatlar,şidakatlar,deşasatlar,yeşakatlar,deşaratlar,yeşasatlar,şidamatlar,teşaatler,yeşaratlar,deşahatlar,şidasatlar,teşaratlar,deşakatler,şidaatler,teşakatlar,deşamatlar,teşahatlar,şidaratlar,yeşaatler,teşamatlar,yeşahatlar,teşasatlar,deşaatlar,şidahatlar
23,Evet,C1 İngilizce ve B1 İspanyolca,Hayır,yeşamatlar,şidakatlar,deşasatlar,yeşakatlar,deşaratlar,yeşasatlar,şidamatlar,teşaatler,yeşaratlar,deşahatlar,şidasatlar,teşaratlar,deşakatlar,şidaatler,teşakatlar,deşamatlar,teşahatlar,şidaratlar,yeşaatler,teşamatlar,yeşahatlar,teşasatlar,deşaatler,şidahatlar
21,Evet,Rusça intermediate İspanyolca intermediate Korece beginner İngilizce advanced,Evet,yeşamatlar,şidakatlar,deşasatlar,yeşakatlar,deşaratlar,yeşasatlar,şidamatler,teşaatler,yeşaratlar,deşahatlar,şidasatlar,teşaratlar,deşakatlar,şidaatlar,teşakatlar,deşamatlar,teşahatler,şidaratler,yeşaatler,teşamatlar,yeşahatler,teşasatlar,deşaatlar,şidahatlar
20,Evet,İngilizce C1,Hayır,yeşamatlar,şidakatlar,deşasatlar,yeşakatlar,deşaratlar,yeşasatlar,şidamatlar,teşaatler,yeşaratlar,deşahatlar,şidasatlar,teşaratlar,deşakatlar,şidaatler,teşakatlar,deşamatlar,teşahatlar,şidaratlar,yeşaatler,teşamatlar,yeşahatlar,teşasatlar,deşaatler,şidahatlar
24,Evet,,Hayır,yeşamatlar,şidakatler,deşasatlar,yeşakatlar,deşaratlar,yeşasatlar,şidamatlar,teşaatlar,yeşaratlar,deşahatlar,şidasatlar,teşaratlar,deşakatlar,şidaatlar,teşakatlar,deşamatlar,teşahatlar,şidaratlar,yeşaatlar,teşamatlar,yeşahatlar,teşasatlar,deşaatlar,şidahatlar
25,Evet,,Hayır,yeşamatlar,şidakatlar,deşasatlar,yeşakatlar,deşaratlar,yeşasatlar,şidamatlar,teşaatler,yeşaratlar,deşahatlar,şidasatlar,teşaratlar,deşakatlar,şidaatler,teşakatlar,deşamatlar,teşahatlar,şidaratlar,yeşaatlar,teşamatlar,yeşahatlar,teşasatlar,deşaatlar,şidahatlar
23,Evet,"İngilizce - ileri
Fransızca - orta
İspanyolca - başlangıç",Evet,yeşamatlar,şidakatler,deşasatlar,yeşakatler,deşaratlar,yeşasatlar,şidamatlar,teşaatler,yeşaratlar,deşahatlar,şidasatlar,teşaratlar,deşakatler,şidaatlar,teşakatler,deşamatlar,teşahatlar,şidaratler,yeşaatler,teşamatlar,yeşahatler,teşasatlar,deşaatler,şidahatlar
22,Evet,"İngilizce - C2
İspanyolca - B1
İtalyanca - B1",Evet,yeşamatlar,şidakatlar,deşasatlar,yeşakatlar,deşaratlar,yeşasatlar,şidamatlar,teşaatler,yeşaratlar,deşahatlar,şidasatlar,teşaratlar,deşakatler,şidaatler,teşakatlar,deşamatlar,teşahatler,şidaratlar,yeşaatlar,teşamatlar,yeşahatlar,teşasatlar,deşaatlar,şidahatlar
27,Evet,,Evet,yeşamatlar,şidakatler,deşasatlar,yeşakatlar,deşaratlar,yeşasatlar,şidamatlar,teşaatler,yeşaratlar,deşahatler,şidasatlar,teşaratlar,deşakatlar,şidaatler,teşakatlar,deşamatlar,teşahatlar,şidaratlar,yeşaatlar,teşamatlar,yeşahatlar,teşasatlar,deşaatler,şidahatlar
22,Evet,İngilizce tam profesyonel yetkinlik? sanırım,Hayır,yeşamatlar,şidakatlar,deşasatlar,yeşakatlar,deşaratlar,yeşasatlar,şidamatlar,teşaatler,yeşaratlar,deşahatlar,şidasatlar,teşaratlar,deşakatlar,şidaatler,teşakatlar,deşamatlar,teşahatlar,şidaratlar,yeşaatler,teşamatlar,yeşahatlar,teşasatlar,deşaatler,şidahatlar
22,Evet,"İngilizce - C1
İspanyolca - B1",Evet,yeşamatlar,şidakatler,deşasatlar,yeşakatler,deşaratlar,yeşasatlar,şidamatlar,teşaatler,yeşaratlar,deşahatlar,şidasatlar,teşaratlar,deşakatler,şidaatler,teşakatler,deşamatlar,teşahatlar,şidaratlar,yeşaatlar,teşamatlar,yeşahatler,teşasatlar,deşaatler,şidahatlar
20,Evet,"İngilizce b2+
japonca a2+",Evet,yeşamatlar,şidakatlar,deşasatlar,yeşakatlar,deşaratlar,yeşasatlar,şidamatlar,teşaatler,yeşaratlar,deşahatlar,şidasatlar,teşaratlar,deşakatlar,şidaatler,teşakatlar,deşamatlar,teşahatlar,şidaratlar,yeşaatler,teşamatlar,yeşahatlar,teşasatlar,deşaatler,şidahatlar
18,Evet,C1 ingilizce a1 ispanyolca,Hayır,yeşamatlar,şidakatler,deşasatlar,yeşakatler,deşaratlar,yeşasatlar,şidamatlar,teşaatler,yeşaratlar,deşahatler,şidasatlar,teşaratlar,deşakatler,şidaatler,teşakatler,deşamatlar,teşahatler,şidaratlar,yeşaatler,teşamatlar,yeşahatlar,teşasatlar,deşaatler,şidahatlar
28,Evet,"ingilizce c2
almanca b1
ispanyolca a2
portekizce a2",Evet,yeşamatlar,şidakatler,deşasatlar,yeşakatler,deşaratlar,yeşasatlar,şidamatlar,teşaatler,yeşaratlar,deşahatler,şidasatlar,teşaratlar,deşakatlar,şidaatler,teşakatler,deşamatlar,teşahatlar,şidaratlar,yeşaatler,teşamatlar,yeşahatler,teşasatlar,deşaatler,şidahatlar
19,Evet,İngilizce - C2,Evet,yeşamatlar,şidakatlar,deşasatlar,yeşakatler,deşaratlar,yeşasatlar,şidamatlar,teşaatler,yeşaratlar,deşahatlar,şidasatlar,teşaratlar,deşakatler,şidaatler,teşakatlar,deşamatlar,teşahatlar,şidaratler,yeşaatler,teşamatlar,yeşahatlar,teşasatler,deşaatler,şidahatlar
23,Evet,"C2 İngilizce, B1+ Almanca, A2 Korece",Evet,yeşamatlar,şidakatler,deşasatlar,yeşakatler,deşaratlar,yeşasatlar,şidamatlar,teşaatler,yeşaratlar,deşahatler,şidasatlar,teşaratlar,deşakatler,şidaatlar,teşakatler,deşamatlar,teşahatler,şidaratlar,yeşaatler,teşamatler,yeşahatler,teşasatlar,deşaatler,şidahatler
26,Evet,İngilizce C1 İspanyolca B2 Çince B1,Hayır,yeşamatlar,şidakatler,deşasatlar,yeşakatler,deşaratlar,yeşasatlar,şidamatlar,teşaatler,yeşaratlar,deşahatler,şidasatlar,teşaratlar,deşakatler,şidaatlar,teşakatlar,deşamatlar,teşahatlar,şidaratlar,yeşaatler,teşamatlar,yeşahatlar,teşasatlar,deşaatlar,şidahatlar
18,Evet,"İngilizce C1
Japonca N5
İspanyolca A1",Hayır,yeşamatlar,şidakatler,deşasatler,yeşakatler,deşaratlar,yeşasatlar,şidamatlar,teşaatler,yeşaratlar,deşahatlar,şidasatlar,teşaratlar,deşakatlar,şidaatler,teşakatlar,deşamatlar,teşahatlar,şidaratlar,yeşaatler,teşamatlar,yeşahatlar,teşasatlar,deşaatlar,şidahatlar
20,Evet,İngilizce C2 Fransızca A2,Evet,yeşamatlar,şidakatler,deşasatlar,yeşakatlar,deşaratlar,yeşasatlar,şidamatlar,teşaatler,yeşaratlar,deşahatler,şidasatlar,teşaratlar,deşakatlar,şidaatler,teşakatlar,deşamatlar,teşahatler,şidaratlar,yeşaatler,teşamatlar,yeşahatler,teşasatlar,deşaatler,şidahatlar
24,Evet,İngilizce - C2,Evet,yeşamatlar,şidakatlar,deşasatlar,yeşakatlar,deşaratlar,yeşasatlar,şidamatlar,teşaatler,yeşaratlar,deşahatlar,şidasatlar,teşaratlar,deşakatlar,şidaatler,teşakatlar,deşamatlar,teşahatlar,şidaratlar,yeşaatler,teşamatlar,yeşahatlar,teşasatlar,deşaatler,şidahatlar
24,Evet,İngilizce- C1,Hayır,yeşamatlar,şidakatler,deşasatlar,yeşakatlar,deşaratlar,yeşasatlar,şidamatlar,teşaatler,yeşaratlar,deşahatlar,şidasatler,teşaratlar,deşakatlar,şidaatler,teşakatlar,deşamatlar,teşahatlar,şidaratlar,yeşaatlar,teşamatlar,yeşahatlar,teşasatlar,deşaatlar,şidahatler
24,Evet,"İngilizce - İleri Seviye, Almanca - Orta Seviye",Evet,yeşamatlar,şidakatler,deşasatlar,yeşakatler,deşaratler,yeşasatlar,şidamatlar,teşaatler,yeşaratlar,deşahatlar,şidasatlar,teşaratlar,deşakatler,şidaatler,teşakatler,deşamatlar,teşahatler,şidaratler,yeşaatler,teşamatlar,yeşahatler,teşasatlar,deşaatler,şidahatlar
25,Evet,"İngilizce C1
İspanyolca B2
İtalyanca B2",Hayır,yeşamatlar,şidakatler,deşasatlar,yeşakatlar,deşaratler,yeşasatler,şidamatlar,teşaatlar,yeşaratlar,deşahatlar,şidasatlar,teşaratlar,deşakatler,şidaatler,teşakatlar,deşamatlar,teşahatlar,şidaratler,yeşaatler,teşamatlar,yeşahatlar,teşasatlar,deşaatlar,şidahatlar
22,Evet,b1 almanca a1 rusça,Evet,yeşamatlar,şidakatler,deşasatlar,yeşakatler,deşaratlar,yeşasatlar,şidamatlar,teşaatlar,yeşaratlar,deşahatlar,şidasatlar,teşaratlar,deşakatlar,şidaatlar,teşakatlar,deşamatlar,teşahatler,şidaratlar,yeşaatler,teşamatlar,yeşahatler,teşasatlar,deşaatler,şidahatler
21,Evet,"C1 Ingilizce, HSK2 Çince, temel düzeyde Norveççe, Korece ve Almanca",Evet,yeşamatler,şidakatler,deşasatlar,yeşakatlar,deşaratlar,yeşasatlar,şidamatlar,teşaatler,yeşaratler,deşahatler,şidasatlar,teşaratler,deşakatler,şidaatler,teşakatler,deşamatlar,teşahatler,şidaratler,yeşaatler,teşamatler,yeşahatler,teşasatlar,deşaatler,şidahatler
21,Evet,"İngilizce - C2
İtalyanca - B1",Evet,yeşamatlar,şidakatlar,deşasatlar,yeşakatlar,deşaratlar,yeşasatlar,şidamatlar,teşaatler,yeşaratlar,deşahatlar,şidasatlar,teşaratlar,deşakatlar,şidaatler,teşakatlar,deşamatlar,teşahatler,şidaratlar,yeşaatlar,teşamatlar,yeşahatlar,teşasatlar,deşaatlar,şidahatler
19,Evet,iyi bir seviyede ingilizce biliyorum,Evet,yeşamatlar,şidakatler,deşasatlar,yeşakatler,deşaratlar,yeşasatlar,şidamatlar,teşaatler,yeşaratlar,deşahatlar,şidasatlar,teşaratlar,deşakatler,şidaatler,teşakatlar,deşamatlar,teşahatler,şidaratlar,yeşaatlar,teşamatler,yeşahatler,teşasatlar,deşaatler,şidahatler
21,Evet,"Norveççe - C1, İngilizce - C1, Fransızca - B1, Korece - A2",Evet,yeşamatlar,şidakatlar,deşasatlar,yeşakatlar,deşaratlar,yeşasatlar,şidamatlar,teşaatler,yeşaratlar,deşahatler,şidasatlar,teşaratlar,deşakatler,şidaatler,teşakatlar,deşamatlar,teşahatlar,şidaratlar,yeşaatler,teşamatlar,yeşahatlar,teşasatlar,deşaatler,şidahatlar
19,Evet,C2 İngilizce,Evet,yeşamatlar,şidakatler,deşasatlar,yeşakatlar,deşaratlar,yeşasatlar,şidamatler,teşaatler,yeşaratlar,deşahatler,şidasatler,teşaratlar,deşakatler,şidaatler,teşakatler,deşamatlar,teşahatlar,şidaratlar,yeşaatler,teşamatlar,yeşahatler,teşasatler,deşaatler,şidahatler
20,Evet,"İngilizce B2, Almanca A2",Evet,yeşamatlar,şidakatlar,deşasatlar,yeşakatlar,deşaratlar,yeşasatlar,şidamatlar,teşaatler,yeşaratlar,deşahatlar,şidasatlar,teşaratlar,deşakatlar,şidaatlar,teşakatler,deşamatlar,teşahatlar,şidaratlar,yeşaatler,teşamatlar,yeşahatlar,teşasatlar,deşaatlar,şidahatlar
22,Evet,"ingilizce c2 
almanca a2",Evet,yeşamatlar,şidakatler,deşasatlar,yeşakatler,deşaratlar,yeşasatlar,şidamatlar,teşaatler,yeşaratlar,deşahatler,şidasatlar,teşaratler,deşakatlar,şidaatlar,teşakatlar,deşamatlar,teşahatlar,şidaratlar,yeşaatlar,teşamatlar,yeşahatlar,teşasatler,deşaatler,şidahatlar
20,Evet,"ingilizce b2-c1 arası
ispanyolca a2",Evet,yeşamatlar,şidakatlar,deşasatlar,yeşakatlar,deşaratlar,yeşasatlar,şidamatlar,teşaatler,yeşaratlar,deşahatlar,şidasatlar,teşaratlar,deşakatlar,şidaatlar,teşakatler,deşamatlar,teşahatler,şidaratlar,yeşaatler,teşamatlar,yeşahatlar,teşasatler,deşaatlar,şidahatlar
25,Evet,"İngilizce(C1/C2), İspanyolca(A2), Almanca(A1)",Evet,yeşamatlar,şidakatler,deşasatlar,yeşakatler,deşaratlar,yeşasatlar,şidamatlar,teşaatler,yeşaratlar,deşahatlar,şidasatlar,teşaratlar,deşakatler,şidaatler,teşakatlar,deşamatlar,teşahatler,şidaratlar,yeşaatler,teşamatlar,yeşahatlar,teşasatlar,deşaatler,şidahatlar
18,Evet,C1 ingilizce,Evet,yeşamatlar,şidakatler,deşasatlar,yeşakatlar,deşaratlar,yeşasatlar,şidamatlar,teşaatler,yeşaratlar,deşahatler,şidasatler,teşaratlar,deşakatlar,şidaatlar,teşakatlar,deşamatlar,teşahatler,şidaratler,yeşaatler,teşamatlar,yeşahatlar,teşasatlar,deşaatler,şidahatler
23,Evet,İngilizce( C1) Almanca(A2),Hayır,yeşamatlar,şidakatlar,deşasatlar,yeşakatlar,deşaratlar,yeşasatlar,şidamatlar,teşaatler,yeşaratlar,deşahatlar,şidasatlar,teşaratler,deşakatler,şidaatler,teşakatler,deşamatler,teşahatlar,şidaratlar,yeşaatler,teşamatlar,yeşahatler,teşasatlar,deşaatler,şidahatlar
24,Evet,"İngilizce (C2), Almanca (A1), İspanyolca (SPA201)",Evet,yeşamatlar,şidakatler,deşasatlar,yeşakatler,deşaratlar,yeşasatler,şidamatlar,teşaatler,yeşaratlar,deşahatlar,şidasatlar,teşaratlar,deşakatlar,şidaatlar,teşakatler,deşamatlar,teşahatler,şidaratlar,yeşaatler,teşamatlar,yeşahatler,teşasatlar,deşaatler,şidahatlar
20,Evet,"C1+ seviyesi İngilizce, B1 düzeyi Japonca",Evet,yeşamatlar,şidakatler,deşasatlar,yeşakatler,deşaratlar,yeşasatler,şidamatlar,teşaatler,yeşaratlar,deşahatler,şidasatlar,teşaratler,deşakatler,şidaatler,teşakatler,deşamatlar,teşahatler,şidaratlar,yeşaatler,teşamatlar,yeşahatler,teşasatlar,deşaatler,şidahatler
27,Evet,Orta seviye ingilizce,Hayır,yeşamatlar,şidakatlar,deşasatlar,yeşakatlar,deşaratlar,yeşasatlar,şidamatlar,teşaatlar,yeşaratlar,deşahatlar,şidasatlar,teşaratlar,deşakatlar,şidaatlar,teşakatlar,deşamatlar,teşahatlar,şidaratlar,yeşaatlar,teşamatlar,yeşahatlar,teşasatlar,deşaatlar,şidahatlar
54,Evet,Yok,Evet,yeşamatlar,şidakatler,deşasatlar,yeşakatlar,deşaratlar,yeşasatlar,şidamatlar,teşaatler,yeşaratlar,deşahatler,şidasatlar,teşaratlar,deşakatler,şidaatler,teşakatler,deşamatlar,teşahatler,şidaratlar,yeşaatlar,teşamatler,yeşahatler,teşasatlar,deşaatler,şidahatler
59,Evet,İngilizce ve Rusça; orta seviye ,Evet,yeşamatlar,şidakatlar,deşasatlar,yeşakatlar,deşaratlar,yeşasatlar,şidamatlar,teşaatlar,yeşaratlar,deşahatlar,şidasatlar,teşaratlar,deşakatlar,şidaatlar,teşakatlar,deşamatlar,teşahatlar,şidaratlar,yeşaatler,teşamatlar,yeşahatler,teşasatlar,deşaatler,şidahatlar
56,Evet,İngilizce iyi derece,Evet,yeşamatlar,şidakatler,deşasatlar,yeşakatler,deşaratlar,yeşasatlar,şidamatlar,teşaatler,yeşaratlar,deşahatler,şidasatlar,teşaratlar,deşakatlar,şidaatler,teşakatler,deşamatlar,teşahatler,şidaratlar,yeşaatlar,teşamatlar,yeşahatlar,teşasatlar,deşaatlar,şidahatlar
51,Evet,ingilizce,Hayır,yeşamatlar,şidakatlar,deşasatlar,yeşakatlar,deşaratlar,yeşasatlar,şidamatlar,teşaatlar,yeşaratlar,deşahatlar,şidasatlar,teşaratlar,deşakatlar,şidaatlar,teşakatlar,deşamatlar,teşahatlar,şidaratlar,yeşaatlar,teşamatlar,yeşahatlar,teşasatlar,deşaatlar,şidahatlar
53,Evet,Yok,Evet,yeşamatlar,şidakatlar,deşasatlar,yeşakatlar,deşaratlar,yeşasatlar,şidamatlar,teşaatlar,yeşaratlar,deşahatlar,şidasatlar,teşaratlar,deşakatlar,şidaatlar,teşakatlar,deşamatlar,teşahatlar,şidaratlar,yeşaatlar,teşamatlar,yeşahatlar,teşasatlar,deşaatlar,şidahatlar
17,Evet,"İngilizce B2
Korece A1",Evet,yeşamatlar,şidakatler,deşasatlar,yeşakatler,deşaratlar,yeşasatlar,şidamatlar,teşaatler,yeşaratlar,deşahatler,şidasatlar,teşaratlar,deşakatler,şidaatlar,teşakatler,deşamatlar,teşahatler,şidaratlar,yeşaatler,teşamatlar,yeşahatler,teşasatlar,deşaatler,şidahatler
27,Evet,C1,Hayır,yeşamatlar,şidakatlar,deşasatlar,yeşakatlar,deşaratlar,yeşasatlar,şidamatlar,teşaatlar,yeşaratlar,deşahatlar,şidasatlar,teşaratlar,deşakatlar,şidaatlar,teşakatlar,deşamatlar,teşahatlar,şidaratlar,yeşaatlar,teşamatlar,yeşahatlar,teşasatlar,deşaatlar,şidahatlar
23,Evet,"İngilizce - profesyonel, Çince orta",Evet,yeşamatlar,şidakatler,deşasatlar,yeşakatler,deşaratlar,yeşasatlar,şidamatlar,teşaatler,yeşaratlar,deşahatler,şidasatlar,teşaratlar,deşakatler,şidaatler,teşakatler,deşamatlar,teşahatlar,şidaratlar,yeşaatler,teşamatlar,yeşahatlar,teşasatlar,deşaatler,şidahatlar
